Symbol,Name
ACMESOLAR.NS,ACME Solar Holdings Ltd.
AADHARHFC.NS,Aadhar Housing Finance Ltd.
AARTIIND.NS,Aarti Industries Ltd.
AAVAS.NS,Aavas Financiers Ltd.
ACE.NS,Action Construction Equipment Ltd.
ACUTAAS.NS,Acutaas Chemicals Ltd.
ABFRL.NS,Aditya Birla Fashion and Retail Ltd.
ABLBL.NS,Aditya Birla Lifestyle Brands Ltd.
ABREL.NS,Aditya Birla Real Estate Ltd.
ABSLAMC.NS,Aditya Birla Sun Life AMC Ltd.
CPPLUS.NS,Aditya Infotech Ltd.
AEGISLOG.NS,Aegis Logistics Ltd.
AEGISVOPAK.NS,Aegis Vopak Terminals Ltd.
AFCONS.NS,Afcons Infrastructure Ltd.
AFFLE.NS,Affle 3i Ltd.
ABDL.NS,Allied Blenders and Distillers Ltd.
ARE&M.NS,Amara Raja Energy & Mobility Ltd.
AMBER.NS,Amber Enterprises India Ltd.
ANANDRATHI.NS,Anand Rathi Wealth Ltd.
ANANTRAJ.NS,Anant Raj Ltd.
ANGELONE.NS,Angel One Ltd.
ANURAS.NS,Anupam Rasayan India Ltd.
APTUS.NS,Aptus Value Housing Finance India Ltd.
ASAHIINDIA.NS,Asahi India Glass Ltd.
ASTERDM.NS,Aster DM Healthcare Ltd.
ATHERENERG.NS,Ather Energy Ltd.
ATUL.NS,Atul Ltd.
BEML.NS,BEML Ltd.
BLS.NS,BLS International Services Ltd.
BALRAMCHIN.NS,Balrampur Chini Mills Ltd.
BANDHANBNK.NS,Bandhan Bank Ltd.
BATAINDIA.NS,Bata India Ltd.
BAYERCROP.NS,Bayer Cropscience Ltd.
BELRISE.NS,Belrise Industries Ltd.
BIKAJI.NS,Bikaji Foods International Ltd.
BSOFT.NS,Birlasoft Ltd.
BLUEDART.NS,Blue Dart Express Ltd.
BLUEJET.NS,Blue Jet Healthcare Ltd.
BBTC.NS,Bombay Burmah Trading Corporation Ltd.
FIRSTCRY.NS,Brainbees Solutions Ltd.
BRIGADE.NS,Brigade Enterprises Ltd.
MAPMYINDIA.NS,C.E. Info Systems Ltd.
CCL.NS,CCL Products (I) Ltd.
CESC.NS,CESC Ltd.
CIEINDIA.NS,CIE Automotive India Ltd.
CANFINHOME.NS,Can Fin Homes Ltd.
CANHLIFE.NS,Canara HSBC Life Insurance Company Ltd.
CAPLIPOINT.NS,Caplin Point Laboratories Ltd.
CGCL.NS,Capri Global Capital Ltd.
CARBORUNIV.NS,Carborundum Universal Ltd.
CARTRADE.NS,Cartrade Tech Ltd.
CASTROLIND.NS,Castrol India Ltd.
CEATLTD.NS,Ceat Ltd.
CEMPRO.NS,Cemindia Projects Ltd.
CENTRALBK.NS,Central Bank of India
CDSL.NS,Central Depository Services (India) Ltd.
CHALET.NS,Chalet Hotels Ltd.
CHAMBLFERT.NS,Chambal Fertilizers & Chemicals Ltd.
CHENNPETRO.NS,Chennai Petroleum Corporation Ltd.
CHOICEIN.NS,Choice International Ltd.
CHOLAHLDNG.NS,Cholamandalam Financial Holdings Ltd.
CUB.NS,City Union Bank Ltd.
CLEAN.NS,Clean Science and Technology Ltd.
COHANCE.NS,Cohance Lifesciences Ltd.
CAMS.NS,Computer Age Management Services Ltd.
CONCORDBIO.NS,Concord Biotech Ltd.
CRAFTSMAN.NS,Craftsman Automation Ltd.
CREDITACC.NS,CreditAccess Grameen Ltd.
CROMPTON.NS,Crompton Greaves Consumer Electricals Ltd.
CYIENT.NS,Cyient Ltd.
DCMSHRIRAM.NS,DCM Shriram Ltd.
DOMS.NS,DOMS Industries Ltd.
DATAPATTNS.NS,Data Patterns (India) Ltd.
DEEPAKFERT.NS,Deepak Fertilisers & Petrochemicals Corp. Ltd.
DEEPAKNTR.NS,Deepak Nitrite Ltd.
DELHIVERY.NS,Delhivery Ltd.
DEVYANI.NS,Devyani International Ltd.
LALPATHLAB.NS,Dr. Lal Path Labs Ltd.
EIDPARRY.NS,E.I.D. Parry (India) Ltd.
EIHOTEL.NS,EIH Ltd.
ELECON.NS,Elecon Engineering Co. Ltd.
ELGIEQUIP.NS,Elgi Equipments Ltd.
EMAMILTD.NS,Emami Ltd.
EMCURE.NS,Emcure Pharmaceuticals Ltd.
EMMVEE.NS,Emmvee Photovoltaic Power Ltd.
ENGINERSIN.NS,Engineers India Ltd.
ERIS.NS,Eris Lifesciences Ltd.
FACT.NS,Fertilisers and Chemicals Travancore Ltd.
FINCABLES.NS,Finolex Cables Ltd.
FSL.NS,Firstsource Solutions Ltd.
FIVESTAR.NS,Five-Star Business Finance Ltd.
FORCEMOT.NS,Force Motors Ltd.
GABRIEL.NS,Gabriel India Ltd.
GALLANTT.NS,Gallantt Ispat Ltd.
GRSE.NS,Garden Reach Shipbuilders & Engineers Ltd.
GILLETTE.NS,Gillette India Ltd.
GLAND.NS,Gland Pharma Ltd.
GODIGIT.NS,Go Digit General Insurance Ltd.
GPIL.NS,Godawari Power & Ispat Ltd.
GRANULES.NS,Granules India Ltd.
GRAPHITE.NS,Graphite India Ltd.
GRAVITA.NS,Gravita India Ltd.
GESHIP.NS,Great Eastern Shipping Co. Ltd.
GMDCLTD.NS,Gujarat Mineral Development Corporation Ltd.
HEG.NS,H.E.G. Ltd.
HBLENGINE.NS,HBL Engineering Ltd.
HFCL.NS,HFCL Ltd.
HSCL.NS,Himadri Speciality Chemical Ltd.
HINDCOPPER.NS,Hindustan Copper Ltd.
HOMEFIRST.NS,Home First Finance Company India Ltd.
HONASA.NS,Honasa Consumer Ltd.
IDBI.NS,IDBI Bank Ltd.
IFCI.NS,IFCI Ltd.
IIFL.NS,IIFL Finance Ltd.
IRB.NS,IRB Infrastructure Developers Ltd.
IRCON.NS,IRCON International Ltd.
ITI.NS,ITI Ltd.
INDGN.NS,Indegene Ltd.
INDIACEM.NS,India Cements Ltd.
INDIAMART.NS,Indiamart Intermesh Ltd.
IEX.NS,Indian Energy Exchange Ltd.
IOB.NS,Indian Overseas Bank
IGL.NS,Indraprastha Gas Ltd.
INOXWIND.NS,Inox Wind Ltd.
INTELLECT.NS,Intellect Design Arena Ltd.
IGIL.NS,International Gemological Institute Ltd.
IKS.NS,Inventurus Knowledge Solutions Ltd.
JBCHEPHARM.NS,J.B. Chemicals & Pharmaceuticals Ltd.
JBMA.NS,JBM Auto Ltd.
JKTYRE.NS,JK Tyre & Industries Ltd.
JMFINANCIL.NS,JM Financial Ltd.
JSWCEMENT.NS,JSW Cement Ltd.
JSWDULUX.NS,JSW Dulux Ltd.
JAINREC.NS,Jain Resource Recycling Ltd.
JPPOWER.NS,Jaiprakash Power Ventures Ltd.
J&KBANK.NS,Jammu & Kashmir Bank Ltd.
JINDALSAW.NS,Jindal Saw Ltd.
JUBLINGREA.NS,Jubilant Ingrevia Ltd.
JUBLPHARMA.NS,Jubilant Pharmova Ltd.
JWL.NS,Jupiter Wagons Ltd.
JYOTICNC.NS,Jyoti CNC Automation Ltd.
KAJARIACER.NS,Kajaria Ceramics Ltd.
KPIL.NS,Kalpataru Projects International Ltd.
KARURVYSYA.NS,Karur Vysya Bank Ltd.
KAYNES.NS,Kaynes Technology India Ltd.
KEC.NS,Kec International Ltd.
KFINTECH.NS,Kfin Technologies Ltd.
KIRLOSENG.NS,Kirloskar Oil Eng Ltd.
KIMS.NS,Krishna Institute of Medical Sciences Ltd.
LTFOODS.NS,LT Foods Ltd.
LATENTVIEW.NS,Latent View Analytics Ltd.
THELEELA.NS,Leela Palaces Hotels & Resorts Ltd.
LEMONTREE.NS,Lemon Tree Hotels Ltd.
MMTC.NS,MMTC Ltd.
MGL.NS,Mahanagar Gas Ltd.
MANAPPURAM.NS,Manappuram Finance Ltd.
MRPL.NS,Mangalore Refinery & Petrochemicals Ltd.
MEESHO.NS,Meesho Ltd.
MINDACORP.NS,Minda Corporation Ltd.
MSUMI.NS,Motherson Sumi Wiring India Ltd.
NATCOPHARM.NS,NATCO Pharma Ltd.
NBCC.NS,NBCC (India) Ltd.
NCC.NS,NCC Ltd.
NSLNISP.NS,NMDC Steel Ltd.
NH.NS,Narayana Hrudayalaya Ltd.
NAVA.NS,Nava Ltd.
NAVINFLUOR.NS,Navin Fluorine International Ltd.
NETWEB.NS,Netweb Technologies India Ltd.
NEULANDLAB.NS,Neuland Laboratories Ltd.
NEWGEN.NS,Newgen Software Technologies Ltd.
NIVABUPA.NS,Niva Bupa Health Insurance Company Ltd.
NUVAMA.NS,Nuvama Wealth Management Ltd.
NUVOCO.NS,Nuvoco Vistas Corporation Ltd.
OLAELEC.NS,Ola Electric Mobility Ltd.
OLECTRA.NS,Olectra Greentech Ltd.
ONESOURCE.NS,Onesource Specialty Pharma Ltd.
PCBL.NS,PCBL Chemical Ltd.
PGEL.NS,PG Electroplast Ltd.
PNBHOUSING.NS,PNB Housing Finance Ltd.
PTCIL.NS,PTC Industries Ltd.
PVRINOX.NS,PVR INOX Ltd.
PARADEEP.NS,Paradeep Phosphates Ltd.
PFIZER.NS,Pfizer Ltd.
PWL.NS,Physicswallah Ltd.
PINELABS.NS,Pine Labs Ltd.
PIRAMALFIN.NS,Piramal Finance Ltd.
PPLPHARMA.NS,Piramal Pharma Ltd.
POLYMED.NS,Poly Medicure Ltd.
POONAWALLA.NS,Poonawalla Fincorp Ltd.
RRKABEL.NS,R R Kabel Ltd.
RBLBANK.NS,RBL Bank Ltd.
RHIM.NS,RHI MAGNESITA INDIA LTD.
RITES.NS,RITES Ltd.
RAILTEL.NS,Railtel Corporation Of India Ltd.
RAINBOW.NS,Rainbow Childrens Medicare Ltd.
RKFORGE.NS,Ramkrishna Forgings Ltd.
REDINGTON.NS,Redington Ltd.
RPOWER.NS,Reliance Power Ltd.
SBFC.NS,SBFC Finance Ltd.
SAGILITY.NS,Sagility Ltd.
SAILIFE.NS,Sai Life Sciences Ltd.
SAMMAANCAP.NS,Sammaan Capital Ltd.
SAPPHIRE.NS,Sapphire Foods India Ltd.
SARDAEN.NS,Sarda Energy and Minerals Ltd.
SAREGAMA.NS,Saregama India Ltd
SCHNEIDER.NS,Schneider Electric Infrastructure Ltd.
SCI.NS,Shipping Corporation of India Ltd.
SHYAMMETL.NS,Shyam Metalics and Energy Ltd.
SIGNATURE.NS,Signatureglobal (India) Ltd.
SOBHA.NS,Sobha Ltd.
SONACOMS.NS,Sona BLW Precision Forgings Ltd.
SONATSOFTW.NS,Sonata Software Ltd.
STARHEALTH.NS,Star Health and Allied Insurance Company Ltd.
SUMICHEM.NS,Sumitomo Chemical India Ltd.
SUNTV.NS,Sun TV Network Ltd.
SPLPETRO.NS,Supreme Petrochem Ltd.
SWANCORP.NS,Swan Corp Ltd.
SYNGENE.NS,Syngene International Ltd.
SYRMA.NS,Syrma SGS Technology Ltd.
TBOTEK.NS,TBO Tek Ltd.
TATACHEM.NS,Tata Chemicals Ltd.
TATATECH.NS,Tata Technologies Ltd.
TTML.NS,Tata Teleservices (Maharashtra) Ltd.
TECHNOE.NS,Techno Electric & Engineering Company Ltd.
TEGA.NS,Tega Industries Ltd.
TEJASNET.NS,Tejas Networks Ltd.
TENNIND.NS,Tenneco Clean Air India Ltd.
RAMCOCEM.NS,The Ramco Cements Ltd.
TIMKEN.NS,Timken India Ltd.
TITAGARH.NS,Titagarh Rail Systems Ltd.
TARIL.NS,Transformers And Rectifiers (India) Ltd.
TRAVELFOOD.NS,Travel Food Services Ltd.
TRIDENT.NS,Trident Ltd.
TRITURBINE.NS,Triveni Turbine Ltd.
UCOBANK.NS,UCO Bank
UTIAMC.NS,UTI Asset Management Company Ltd.
URBANCO.NS,Urban Company Ltd.
USHAMART.NS,Usha Martin Ltd.
VTL.NS,Vardhman Textiles Ltd.
VIJAYA.NS,Vijaya Diagnostic Centre Ltd.
WELCORP.NS,Welspun Corp Ltd.
WELSPUNLIV.NS,Welspun Living Ltd.
WHIRLPOOL.NS,Whirlpool of India Ltd.
WOCKPHARMA.NS,Wockhardt Ltd.
ZFCVINDIA.NS,ZF Commercial Vehicle Control Systems India Ltd.
ZEEL.NS,Zee Entertainment Enterprises Ltd.
ZENTEC.NS,Zen Technologies Ltd.
ZENSARTECH.NS,Zensar Technolgies Ltd.
ZYDUSWELL.NS,Zydus Wellness Ltd.
ECLERX.NS,eClerx Services Ltd.
